<?xml version="1.0" encoding="UTF-8"?>

<IDataXMLCoder version="1.0">
  <record javaclass="com.wm.data.ISMemDataImpl">
    <record name="version" javaclass="com.wm.data.ISMemDataImpl">
      <value name="major">9</value>
      <value name="minor">0</value>
    </record>
    <record name="attribs" javaclass="com.wm.data.ISMemDataImpl">
      <record name="vg000100e2dbeu880000001j" javaclass="com.wm.app.tn.doc.BizDocAttribute">
        <value name="AttributeID">vg000100e2dbeu880000001j</value>
        <value name="AttributeName">testTN</value>
        <value name="AttributeDescription">hiiiiii</value>
        <value name="AttributeType">STRING</value>
        <idatacodable name="Deleted?" javaclass="com.wm.data.MBoolean">          <value name="MBoolean">false</value>
        </idatacodable>
        <idatacodable name="Persist?" javaclass="com.wm.data.MBoolean">          <value name="MBoolean">true</value>
        </idatacodable>
        <value name="LastModifiedTime">2020-03-02 15:38:30.232</value>
        <value name="VERSION_NO">10.3.0.0</value>
        <idatacodable name="System?" javaclass="com.wm.data.MBoolean">          <value name="MBoolean">false</value>
        </idatacodable>
      </record>
    </record>
  </record>
</IDataXMLCoder>
