<?xml version="1.0" encoding="UTF-8"?>

<IDataXMLCoder version="1.0">
  <record javaclass="com.wm.data.ISMemDataImpl">
    <record name="version" javaclass="com.wm.data.ISMemDataImpl">
      <value name="major">9</value>
      <value name="minor">0</value>
    </record>
    <list name="profiles">
      <record javaclass="com.wm.app.tn.profile.Profile">
        <record name="Corporate" javaclass="com.wm.app.tn.profile.Corporation">
          <value name="PartnerID">58r00600albas8pf0000000p</value>
          <value name="CorporationName">TestPartner</value>
          <value name="OrgUnitName">Test</value>
          <value name="Status">Active</value>
          <value name="Type">TNServer</value>
          <idatacodable name="Self" javaclass="com.wm.data.MBoolean">            <value name="MBoolean">false</value>
          </idatacodable>
          <idatacodable name="Deleted" javaclass="com.wm.data.MBoolean">            <value name="MBoolean">false</value>
          </idatacodable>
          <value name="TNVersion">9.10.0.0</value>
          <null name="Certificate"/>
          <null name="CACertificate"/>
          <null name="PrivateKey"/>
          <null name="RemoteStatus"/>
          <value name="PreferredProtocol">Primary HTTP</value>
          <float name="PollingFrequency" type="java.lang.Float">0.0</float>
          <number name="DeliveryMaxRetries" type="java.lang.Short">0</number>
          <number name="DeliveryRetryWait" type="java.lang.Integer">0</number>
          <null name="PollingProtocol"/>
          <idatacodable name="B2BcomMember" javaclass="com.wm.data.MBoolean">            <value name="MBoolean">false</value>
          </idatacodable>
          <number name="RetryFactor" type="java.lang.Integer">1</number>
          <null name="DeliveryQueue"/>
          <null name="Company Logo"/>
          <null name="Address"/>
          <null name="PreferredLocale"/>
          <idatacodable name="RoutingOff" javaclass="com.wm.data.MBoolean">            <value name="MBoolean">false</value>
          </idatacodable>
          <null name="Substatus"/>
        </record>
        <null name="Contact"/>
        <array name="Delivery" type="record" depth="1">
          <record javaclass="com.wm.app.tn.profile.Destination">
            <value name="PartnerID">58r00600albas8pf0000000p</value>
            <value name="Protocol">http</value>
            <idatacodable name="PrimaryAddr" javaclass="com.wm.data.MBoolean">              <value name="MBoolean">true</value>
            </idatacodable>
            <value name="Host">localhost</value>
            <value name="Port">5555</value>
            <value name="Location">/invoke/TestPartnerEmulation:receiveOutboundEDIINT</value>
            <value name="UserName">outbounduser</value>
            <value name="Password">outbounduser</value>
            <null name="CustomData"/>
            <value name="DestinationID">58r00600arf015vr00000gtm</value>
            <null name="NativeProtocol"/>
            <null name="CustomDataString"/>
            <null name="B2BInterface"/>
            <null name="B2BService"/>
          </record>
        </array>
        <array name="ID" type="record" depth="1">
          <record javaclass="com.wm.app.tn.profile.ID">
            <value name="ExternalID">123456</value>
            <number name="IDType" type="java.lang.Integer">1</number>
            <value name="InternalID">58r00600albas8pf0000000p</value>
            <number name="SequenceNumber" type="java.lang.Short">0</number>
            <value name="PartnerIDID">58r00600albas8pn0000000q</value>
            <value name="IDTypeName">DUNS</value>
          </record>
          <record javaclass="com.wm.app.tn.profile.ID">
            <value name="ExternalID">123456</value>
            <number name="IDType" type="java.lang.Integer">101</number>
            <value name="InternalID">58r00600albas8pf0000000p</value>
            <number name="SequenceNumber" type="java.lang.Short">0</number>
            <value name="PartnerIDID">58r00600b1pvn24300005hh2</value>
            <value name="IDTypeName">EDIINT AS2</value>
          </record>
          <record javaclass="com.wm.app.tn.profile.ID">
            <value name="ExternalID">TPID_TEST0123</value>
            <number name="IDType" type="java.lang.Integer">150</number>
            <value name="InternalID">58r00600albas8pf0000000p</value>
            <number name="SequenceNumber" type="java.lang.Short">0</number>
            <value name="PartnerIDID">58r00600b26k9ein00009nb2</value>
            <value name="IDTypeName">GoogleInternalID</value>
          </record>
        </array>
        <null name="ProfileGroups"/>
        <null name="ProfileGroupNames"/>
        <array name="Users" type="value" depth="1">
          <value>administrator</value>
          <value>Default</value>
        </array>
      </record>
    </list>
    <list name="extflds">
      <record javaclass="com.wm.app.tn.profile.ExtendedProfileField">
        <value name="PartnerID">58r00600albas8pf0000000p</value>
        <value name="Value">http://146.148.105.123:5555/invoke/wm.EDIINT/receive</value>
        <record name="MetaData" javaclass="com.wm.app.tn.profile.ProfileFieldMetaData">
          <number name="GroupID" type="java.lang.Short">7</number>
          <number name="MaxLength" type="java.lang.Integer">-1</number>
          <idatacodable name="Extended?" javaclass="com.wm.data.MBoolean">            <value name="MBoolean">true</value>
          </idatacodable>
          <idatacodable name="Required?" javaclass="com.wm.data.MBoolean">            <value name="MBoolean">false</value>
          </idatacodable>
          <idatacodable name="Registration?" javaclass="com.wm.data.MBoolean">            <value name="MBoolean">false</value>
          </idatacodable>
          <idatacodable name="Deleted?" javaclass="com.wm.data.MBoolean">            <value name="MBoolean">false</value>
          </idatacodable>
          <null name="ValidValues"/>
          <null name="DefaultValue"/>
          <value name="Datatype">String</value>
          <value name="Name">AS2MDNURL</value>
          <null name="Table"/>
          <null name="Column"/>
          <null name="Description"/>
          <value name="ProfileFieldID">58r00500d5lr5ia60000006k</value>
          <idatacodable name="Displayable?" javaclass="com.wm.data.MBoolean">            <value name="MBoolean">true</value>
          </idatacodable>
          <value name="GroupName">EDIINT</value>
          <null name="Action"/>
          <null name="TimeStamp"/>
        </record>
        <value name="PartnerDisplayName">TestPartner (Test)</value>
      </record>
      <record javaclass="com.wm.app.tn.profile.ExtendedProfileField">
        <value name="PartnerID">58r00600albas8pf0000000p</value>
        <value name="Value">TripleDES</value>
        <record name="MetaData" javaclass="com.wm.app.tn.profile.ProfileFieldMetaData">
          <number name="GroupID" type="java.lang.Short">7</number>
          <number name="MaxLength" type="java.lang.Integer">-1</number>
          <idatacodable name="Extended?" javaclass="com.wm.data.MBoolean">            <value name="MBoolean">true</value>
          </idatacodable>
          <idatacodable name="Required?" javaclass="com.wm.data.MBoolean">            <value name="MBoolean">false</value>
          </idatacodable>
          <idatacodable name="Registration?" javaclass="com.wm.data.MBoolean">            <value name="MBoolean">false</value>
          </idatacodable>
          <idatacodable name="Deleted?" javaclass="com.wm.data.MBoolean">            <value name="MBoolean">false</value>
          </idatacodable>
          <value name="ValidValues">RC2 40|~~|RC2 64|~~|RC2 128|~~|DES|~~|TripleDES|~~|AES 128|~~|AES 192|~~|AES 256</value>
          <value name="DefaultValue">TripleDES</value>
          <value name="Datatype">String</value>
          <value name="Name">Encryption Algorithm</value>
          <null name="Table"/>
          <null name="Column"/>
          <null name="Description"/>
          <value name="ProfileFieldID">58r00500d5lr5iai0000006l</value>
          <idatacodable name="Displayable?" javaclass="com.wm.data.MBoolean">            <value name="MBoolean">true</value>
          </idatacodable>
          <value name="GroupName">EDIINT</value>
          <null name="Action"/>
          <null name="TimeStamp"/>
        </record>
        <value name="PartnerDisplayName">TestPartner (Test)</value>
      </record>
      <record javaclass="com.wm.app.tn.profile.ExtendedProfileField">
        <value name="PartnerID">58r00600albas8pf0000000p</value>
        <value name="Value">plain</value>
        <record name="MetaData" javaclass="com.wm.app.tn.profile.ProfileFieldMetaData">
          <number name="GroupID" type="java.lang.Short">7</number>
          <number name="MaxLength" type="java.lang.Integer">-1</number>
          <idatacodable name="Extended?" javaclass="com.wm.data.MBoolean">            <value name="MBoolean">true</value>
          </idatacodable>
          <idatacodable name="Required?" javaclass="com.wm.data.MBoolean">            <value name="MBoolean">false</value>
          </idatacodable>
          <idatacodable name="Registration?" javaclass="com.wm.data.MBoolean">            <value name="MBoolean">false</value>
          </idatacodable>
          <idatacodable name="Deleted?" javaclass="com.wm.data.MBoolean">            <value name="MBoolean">false</value>
          </idatacodable>
          <value name="ValidValues">signed|~~|encrypted|~~|signedAndEncrypted|~~|plain</value>
          <value name="DefaultValue">signedAndEncrypted</value>
          <value name="Datatype">String</value>
          <value name="Name">SMIME Type</value>
          <null name="Table"/>
          <null name="Column"/>
          <null name="Description"/>
          <value name="ProfileFieldID">58r00500d5lr5iav0000006m</value>
          <idatacodable name="Displayable?" javaclass="com.wm.data.MBoolean">            <value name="MBoolean">true</value>
          </idatacodable>
          <value name="GroupName">EDIINT</value>
          <null name="Action"/>
          <null name="TimeStamp"/>
        </record>
        <value name="PartnerDisplayName">TestPartner (Test)</value>
      </record>
      <record javaclass="com.wm.app.tn.profile.ExtendedProfileField">
        <value name="PartnerID">58r00600albas8pf0000000p</value>
        <value name="Value">false</value>
        <record name="MetaData" javaclass="com.wm.app.tn.profile.ProfileFieldMetaData">
          <number name="GroupID" type="java.lang.Short">7</number>
          <number name="MaxLength" type="java.lang.Integer">-1</number>
          <idatacodable name="Extended?" javaclass="com.wm.data.MBoolean">            <value name="MBoolean">true</value>
          </idatacodable>
          <idatacodable name="Required?" javaclass="com.wm.data.MBoolean">            <value name="MBoolean">false</value>
          </idatacodable>
          <idatacodable name="Registration?" javaclass="com.wm.data.MBoolean">            <value name="MBoolean">false</value>
          </idatacodable>
          <idatacodable name="Deleted?" javaclass="com.wm.data.MBoolean">            <value name="MBoolean">false</value>
          </idatacodable>
          <value name="ValidValues">false|~~|true</value>
          <value name="DefaultValue">false</value>
          <value name="Datatype">String</value>
          <value name="Name">Compression</value>
          <null name="Table"/>
          <null name="Column"/>
          <null name="Description"/>
          <value name="ProfileFieldID">58r00500d5lr5ibc0000006n</value>
          <idatacodable name="Displayable?" javaclass="com.wm.data.MBoolean">            <value name="MBoolean">true</value>
          </idatacodable>
          <value name="GroupName">EDIINT</value>
          <null name="Action"/>
          <null name="TimeStamp"/>
        </record>
        <value name="PartnerDisplayName">TestPartner (Test)</value>
      </record>
      <record javaclass="com.wm.app.tn.profile.ExtendedProfileField">
        <value name="PartnerID">58r00600albas8pf0000000p</value>
        <value name="Value">PrimaryHTTP</value>
        <record name="MetaData" javaclass="com.wm.app.tn.profile.ProfileFieldMetaData">
          <number name="GroupID" type="java.lang.Short">7</number>
          <number name="MaxLength" type="java.lang.Integer">-1</number>
          <idatacodable name="Extended?" javaclass="com.wm.data.MBoolean">            <value name="MBoolean">true</value>
          </idatacodable>
          <idatacodable name="Required?" javaclass="com.wm.data.MBoolean">            <value name="MBoolean">false</value>
          </idatacodable>
          <idatacodable name="Registration?" javaclass="com.wm.data.MBoolean">            <value name="MBoolean">false</value>
          </idatacodable>
          <idatacodable name="Deleted?" javaclass="com.wm.data.MBoolean">            <value name="MBoolean">false</value>
          </idatacodable>
          <value name="ValidValues">PrimaryHTTP|~~|SecondaryHTTP|~~|PrimaryHTTPS|~~|SecondaryHTTPS|~~|PrimarySMTP|~~|SecondarySMTP|~~|AS3</value>
          <value name="DefaultValue">PrimaryHTTP</value>
          <value name="Datatype">String</value>
          <value name="Name">Delivery Method</value>
          <null name="Table"/>
          <null name="Column"/>
          <null name="Description"/>
          <value name="ProfileFieldID">58r00500d5lr5ibp0000006o</value>
          <idatacodable name="Displayable?" javaclass="com.wm.data.MBoolean">            <value name="MBoolean">true</value>
          </idatacodable>
          <value name="GroupName">EDIINT</value>
          <null name="Action"/>
          <null name="TimeStamp"/>
        </record>
        <value name="PartnerDisplayName">TestPartner (Test)</value>
      </record>
      <record javaclass="com.wm.app.tn.profile.ExtendedProfileField">
        <value name="PartnerID">58r00600albas8pf0000000p</value>
        <value name="Value">asynchronousMDN</value>
        <record name="MetaData" javaclass="com.wm.app.tn.profile.ProfileFieldMetaData">
          <number name="GroupID" type="java.lang.Short">7</number>
          <number name="MaxLength" type="java.lang.Integer">-1</number>
          <idatacodable name="Extended?" javaclass="com.wm.data.MBoolean">            <value name="MBoolean">true</value>
          </idatacodable>
          <idatacodable name="Required?" javaclass="com.wm.data.MBoolean">            <value name="MBoolean">false</value>
          </idatacodable>
          <idatacodable name="Registration?" javaclass="com.wm.data.MBoolean">            <value name="MBoolean">false</value>
          </idatacodable>
          <idatacodable name="Deleted?" javaclass="com.wm.data.MBoolean">            <value name="MBoolean">false</value>
          </idatacodable>
          <value name="ValidValues">none|~~|synchronousMDN|~~|asynchronousMDN</value>
          <value name="DefaultValue">none</value>
          <value name="Datatype">String</value>
          <value name="Name">Request MDN</value>
          <null name="Table"/>
          <null name="Column"/>
          <null name="Description"/>
          <value name="ProfileFieldID">58r00500d5lr5ic50000006p</value>
          <idatacodable name="Displayable?" javaclass="com.wm.data.MBoolean">            <value name="MBoolean">true</value>
          </idatacodable>
          <value name="GroupName">EDIINT</value>
          <null name="Action"/>
          <null name="TimeStamp"/>
        </record>
        <value name="PartnerDisplayName">TestPartner (Test)</value>
      </record>
      <record javaclass="com.wm.app.tn.profile.ExtendedProfileField">
        <value name="PartnerID">58r00600albas8pf0000000p</value>
        <value name="Value">true</value>
        <record name="MetaData" javaclass="com.wm.app.tn.profile.ProfileFieldMetaData">
          <number name="GroupID" type="java.lang.Short">7</number>
          <number name="MaxLength" type="java.lang.Integer">-1</number>
          <idatacodable name="Extended?" javaclass="com.wm.data.MBoolean">            <value name="MBoolean">true</value>
          </idatacodable>
          <idatacodable name="Required?" javaclass="com.wm.data.MBoolean">            <value name="MBoolean">false</value>
          </idatacodable>
          <idatacodable name="Registration?" javaclass="com.wm.data.MBoolean">            <value name="MBoolean">false</value>
          </idatacodable>
          <idatacodable name="Deleted?" javaclass="com.wm.data.MBoolean">            <value name="MBoolean">false</value>
          </idatacodable>
          <value name="ValidValues">false|~~|true</value>
          <value name="DefaultValue">false</value>
          <value name="Datatype">String</value>
          <value name="Name">Request Signed Receipt</value>
          <null name="Table"/>
          <null name="Column"/>
          <null name="Description"/>
          <value name="ProfileFieldID">58r00500d5lr5ici0000006q</value>
          <idatacodable name="Displayable?" javaclass="com.wm.data.MBoolean">            <value name="MBoolean">true</value>
          </idatacodable>
          <value name="GroupName">EDIINT</value>
          <null name="Action"/>
          <null name="TimeStamp"/>
        </record>
        <value name="PartnerDisplayName">TestPartner (Test)</value>
      </record>
      <record javaclass="com.wm.app.tn.profile.ExtendedProfileField">
        <value name="PartnerID">58r00600albas8pf0000000p</value>
        <value name="Value">SHA-1</value>
        <record name="MetaData" javaclass="com.wm.app.tn.profile.ProfileFieldMetaData">
          <number name="GroupID" type="java.lang.Short">7</number>
          <number name="MaxLength" type="java.lang.Integer">-1</number>
          <idatacodable name="Extended?" javaclass="com.wm.data.MBoolean">            <value name="MBoolean">true</value>
          </idatacodable>
          <idatacodable name="Required?" javaclass="com.wm.data.MBoolean">            <value name="MBoolean">false</value>
          </idatacodable>
          <idatacodable name="Registration?" javaclass="com.wm.data.MBoolean">            <value name="MBoolean">false</value>
          </idatacodable>
          <idatacodable name="Deleted?" javaclass="com.wm.data.MBoolean">            <value name="MBoolean">false</value>
          </idatacodable>
          <value name="ValidValues">SHA-1|~~|SHA-256|~~|SHA-384|~~|SHA-512|~~|MD5</value>
          <value name="DefaultValue">SHA-1</value>
          <value name="Datatype">String</value>
          <value name="Name">Digest Algorithm</value>
          <null name="Table"/>
          <null name="Column"/>
          <null name="Description"/>
          <value name="ProfileFieldID">58r00500d5moc3aa0000000j</value>
          <idatacodable name="Displayable?" javaclass="com.wm.data.MBoolean">            <value name="MBoolean">true</value>
          </idatacodable>
          <value name="GroupName">EDIINT</value>
          <null name="Action"/>
          <null name="TimeStamp"/>
        </record>
        <value name="PartnerDisplayName">TestPartner (Test)</value>
      </record>
      <record javaclass="com.wm.app.tn.profile.ExtendedProfileField">
        <value name="PartnerID">58r00600albas8pf0000000p</value>
        <value name="Value">application/EDI-X12</value>
        <record name="MetaData" javaclass="com.wm.app.tn.profile.ProfileFieldMetaData">
          <number name="GroupID" type="java.lang.Short">7</number>
          <number name="MaxLength" type="java.lang.Integer">-1</number>
          <idatacodable name="Extended?" javaclass="com.wm.data.MBoolean">            <value name="MBoolean">true</value>
          </idatacodable>
          <idatacodable name="Required?" javaclass="com.wm.data.MBoolean">            <value name="MBoolean">true</value>
          </idatacodable>
          <idatacodable name="Registration?" javaclass="com.wm.data.MBoolean">            <value name="MBoolean">false</value>
          </idatacodable>
          <idatacodable name="Deleted?" javaclass="com.wm.data.MBoolean">            <value name="MBoolean">false</value>
          </idatacodable>
          <value name="ValidValues"></value>
          <value name="DefaultValue">application/EDI-X12</value>
          <value name="Datatype">String</value>
          <value name="Name">ContentType</value>
          <null name="Table"/>
          <null name="Column"/>
          <null name="Description"/>
          <value name="ProfileFieldID">58r00600aqae032e000004ss</value>
          <idatacodable name="Displayable?" javaclass="com.wm.data.MBoolean">            <value name="MBoolean">true</value>
          </idatacodable>
          <value name="GroupName">EDIINT</value>
          <null name="Action"/>
          <null name="TimeStamp"/>
        </record>
        <value name="PartnerDisplayName">TestPartner (Test)</value>
      </record>
    </list>
    <list name="deliverySuspendSchedules">
    </list>
    <record name="fldgrps" javaclass="com.wm.data.ISMemDataImpl">
      <number name="EDIINT" type="java.lang.Short">7</number>
    </record>
    <list name="flddefs">
      <record javaclass="com.wm.app.tn.profile.ProfileFieldMetaData">
        <number name="GroupID" type="java.lang.Short">7</number>
        <number name="MaxLength" type="java.lang.Integer">-1</number>
        <idatacodable name="Extended?" javaclass="com.wm.data.MBoolean">          <value name="MBoolean">true</value>
        </idatacodable>
        <idatacodable name="Required?" javaclass="com.wm.data.MBoolean">          <value name="MBoolean">false</value>
        </idatacodable>
        <idatacodable name="Registration?" javaclass="com.wm.data.MBoolean">          <value name="MBoolean">false</value>
        </idatacodable>
        <idatacodable name="Deleted?" javaclass="com.wm.data.MBoolean">          <value name="MBoolean">false</value>
        </idatacodable>
        <null name="ValidValues"/>
        <null name="DefaultValue"/>
        <value name="Datatype">String</value>
        <value name="Name">AS2MDNURL</value>
        <null name="Table"/>
        <null name="Column"/>
        <null name="Description"/>
        <value name="ProfileFieldID">58r00500d5lr5ia60000006k</value>
        <idatacodable name="Displayable?" javaclass="com.wm.data.MBoolean">          <value name="MBoolean">true</value>
        </idatacodable>
        <value name="GroupName">EDIINT</value>
        <null name="Action"/>
        <null name="TimeStamp"/>
      </record>
      <record javaclass="com.wm.app.tn.profile.ProfileFieldMetaData">
        <number name="GroupID" type="java.lang.Short">7</number>
        <number name="MaxLength" type="java.lang.Integer">-1</number>
        <idatacodable name="Extended?" javaclass="com.wm.data.MBoolean">          <value name="MBoolean">true</value>
        </idatacodable>
        <idatacodable name="Required?" javaclass="com.wm.data.MBoolean">          <value name="MBoolean">false</value>
        </idatacodable>
        <idatacodable name="Registration?" javaclass="com.wm.data.MBoolean">          <value name="MBoolean">false</value>
        </idatacodable>
        <idatacodable name="Deleted?" javaclass="com.wm.data.MBoolean">          <value name="MBoolean">false</value>
        </idatacodable>
        <value name="ValidValues">RC2 40|~~|RC2 64|~~|RC2 128|~~|DES|~~|TripleDES|~~|AES 128|~~|AES 192|~~|AES 256</value>
        <value name="DefaultValue">TripleDES</value>
        <value name="Datatype">String</value>
        <value name="Name">Encryption Algorithm</value>
        <null name="Table"/>
        <null name="Column"/>
        <null name="Description"/>
        <value name="ProfileFieldID">58r00500d5lr5iai0000006l</value>
        <idatacodable name="Displayable?" javaclass="com.wm.data.MBoolean">          <value name="MBoolean">true</value>
        </idatacodable>
        <value name="GroupName">EDIINT</value>
        <null name="Action"/>
        <null name="TimeStamp"/>
      </record>
      <record javaclass="com.wm.app.tn.profile.ProfileFieldMetaData">
        <number name="GroupID" type="java.lang.Short">7</number>
        <number name="MaxLength" type="java.lang.Integer">-1</number>
        <idatacodable name="Extended?" javaclass="com.wm.data.MBoolean">          <value name="MBoolean">true</value>
        </idatacodable>
        <idatacodable name="Required?" javaclass="com.wm.data.MBoolean">          <value name="MBoolean">false</value>
        </idatacodable>
        <idatacodable name="Registration?" javaclass="com.wm.data.MBoolean">          <value name="MBoolean">false</value>
        </idatacodable>
        <idatacodable name="Deleted?" javaclass="com.wm.data.MBoolean">          <value name="MBoolean">false</value>
        </idatacodable>
        <value name="ValidValues">signed|~~|encrypted|~~|signedAndEncrypted|~~|plain</value>
        <value name="DefaultValue">signedAndEncrypted</value>
        <value name="Datatype">String</value>
        <value name="Name">SMIME Type</value>
        <null name="Table"/>
        <null name="Column"/>
        <null name="Description"/>
        <value name="ProfileFieldID">58r00500d5lr5iav0000006m</value>
        <idatacodable name="Displayable?" javaclass="com.wm.data.MBoolean">          <value name="MBoolean">true</value>
        </idatacodable>
        <value name="GroupName">EDIINT</value>
        <null name="Action"/>
        <null name="TimeStamp"/>
      </record>
      <record javaclass="com.wm.app.tn.profile.ProfileFieldMetaData">
        <number name="GroupID" type="java.lang.Short">7</number>
        <number name="MaxLength" type="java.lang.Integer">-1</number>
        <idatacodable name="Extended?" javaclass="com.wm.data.MBoolean">          <value name="MBoolean">true</value>
        </idatacodable>
        <idatacodable name="Required?" javaclass="com.wm.data.MBoolean">          <value name="MBoolean">false</value>
        </idatacodable>
        <idatacodable name="Registration?" javaclass="com.wm.data.MBoolean">          <value name="MBoolean">false</value>
        </idatacodable>
        <idatacodable name="Deleted?" javaclass="com.wm.data.MBoolean">          <value name="MBoolean">false</value>
        </idatacodable>
        <value name="ValidValues">false|~~|true</value>
        <value name="DefaultValue">false</value>
        <value name="Datatype">String</value>
        <value name="Name">Compression</value>
        <null name="Table"/>
        <null name="Column"/>
        <null name="Description"/>
        <value name="ProfileFieldID">58r00500d5lr5ibc0000006n</value>
        <idatacodable name="Displayable?" javaclass="com.wm.data.MBoolean">          <value name="MBoolean">true</value>
        </idatacodable>
        <value name="GroupName">EDIINT</value>
        <null name="Action"/>
        <null name="TimeStamp"/>
      </record>
      <record javaclass="com.wm.app.tn.profile.ProfileFieldMetaData">
        <number name="GroupID" type="java.lang.Short">7</number>
        <number name="MaxLength" type="java.lang.Integer">-1</number>
        <idatacodable name="Extended?" javaclass="com.wm.data.MBoolean">          <value name="MBoolean">true</value>
        </idatacodable>
        <idatacodable name="Required?" javaclass="com.wm.data.MBoolean">          <value name="MBoolean">false</value>
        </idatacodable>
        <idatacodable name="Registration?" javaclass="com.wm.data.MBoolean">          <value name="MBoolean">false</value>
        </idatacodable>
        <idatacodable name="Deleted?" javaclass="com.wm.data.MBoolean">          <value name="MBoolean">false</value>
        </idatacodable>
        <value name="ValidValues">PrimaryHTTP|~~|SecondaryHTTP|~~|PrimaryHTTPS|~~|SecondaryHTTPS|~~|PrimarySMTP|~~|SecondarySMTP|~~|AS3</value>
        <value name="DefaultValue">PrimaryHTTP</value>
        <value name="Datatype">String</value>
        <value name="Name">Delivery Method</value>
        <null name="Table"/>
        <null name="Column"/>
        <null name="Description"/>
        <value name="ProfileFieldID">58r00500d5lr5ibp0000006o</value>
        <idatacodable name="Displayable?" javaclass="com.wm.data.MBoolean">          <value name="MBoolean">true</value>
        </idatacodable>
        <value name="GroupName">EDIINT</value>
        <null name="Action"/>
        <null name="TimeStamp"/>
      </record>
      <record javaclass="com.wm.app.tn.profile.ProfileFieldMetaData">
        <number name="GroupID" type="java.lang.Short">7</number>
        <number name="MaxLength" type="java.lang.Integer">-1</number>
        <idatacodable name="Extended?" javaclass="com.wm.data.MBoolean">          <value name="MBoolean">true</value>
        </idatacodable>
        <idatacodable name="Required?" javaclass="com.wm.data.MBoolean">          <value name="MBoolean">false</value>
        </idatacodable>
        <idatacodable name="Registration?" javaclass="com.wm.data.MBoolean">          <value name="MBoolean">false</value>
        </idatacodable>
        <idatacodable name="Deleted?" javaclass="com.wm.data.MBoolean">          <value name="MBoolean">false</value>
        </idatacodable>
        <value name="ValidValues">none|~~|synchronousMDN|~~|asynchronousMDN</value>
        <value name="DefaultValue">none</value>
        <value name="Datatype">String</value>
        <value name="Name">Request MDN</value>
        <null name="Table"/>
        <null name="Column"/>
        <null name="Description"/>
        <value name="ProfileFieldID">58r00500d5lr5ic50000006p</value>
        <idatacodable name="Displayable?" javaclass="com.wm.data.MBoolean">          <value name="MBoolean">true</value>
        </idatacodable>
        <value name="GroupName">EDIINT</value>
        <null name="Action"/>
        <null name="TimeStamp"/>
      </record>
      <record javaclass="com.wm.app.tn.profile.ProfileFieldMetaData">
        <number name="GroupID" type="java.lang.Short">7</number>
        <number name="MaxLength" type="java.lang.Integer">-1</number>
        <idatacodable name="Extended?" javaclass="com.wm.data.MBoolean">          <value name="MBoolean">true</value>
        </idatacodable>
        <idatacodable name="Required?" javaclass="com.wm.data.MBoolean">          <value name="MBoolean">false</value>
        </idatacodable>
        <idatacodable name="Registration?" javaclass="com.wm.data.MBoolean">          <value name="MBoolean">false</value>
        </idatacodable>
        <idatacodable name="Deleted?" javaclass="com.wm.data.MBoolean">          <value name="MBoolean">false</value>
        </idatacodable>
        <value name="ValidValues">false|~~|true</value>
        <value name="DefaultValue">false</value>
        <value name="Datatype">String</value>
        <value name="Name">Request Signed Receipt</value>
        <null name="Table"/>
        <null name="Column"/>
        <null name="Description"/>
        <value name="ProfileFieldID">58r00500d5lr5ici0000006q</value>
        <idatacodable name="Displayable?" javaclass="com.wm.data.MBoolean">          <value name="MBoolean">true</value>
        </idatacodable>
        <value name="GroupName">EDIINT</value>
        <null name="Action"/>
        <null name="TimeStamp"/>
      </record>
      <record javaclass="com.wm.app.tn.profile.ProfileFieldMetaData">
        <number name="GroupID" type="java.lang.Short">7</number>
        <number name="MaxLength" type="java.lang.Integer">-1</number>
        <idatacodable name="Extended?" javaclass="com.wm.data.MBoolean">          <value name="MBoolean">true</value>
        </idatacodable>
        <idatacodable name="Required?" javaclass="com.wm.data.MBoolean">          <value name="MBoolean">false</value>
        </idatacodable>
        <idatacodable name="Registration?" javaclass="com.wm.data.MBoolean">          <value name="MBoolean">false</value>
        </idatacodable>
        <idatacodable name="Deleted?" javaclass="com.wm.data.MBoolean">          <value name="MBoolean">false</value>
        </idatacodable>
        <value name="ValidValues">SHA-1|~~|SHA-256|~~|SHA-384|~~|SHA-512|~~|MD5</value>
        <value name="DefaultValue">SHA-1</value>
        <value name="Datatype">String</value>
        <value name="Name">Digest Algorithm</value>
        <null name="Table"/>
        <null name="Column"/>
        <null name="Description"/>
        <value name="ProfileFieldID">58r00500d5moc3aa0000000j</value>
        <idatacodable name="Displayable?" javaclass="com.wm.data.MBoolean">          <value name="MBoolean">true</value>
        </idatacodable>
        <value name="GroupName">EDIINT</value>
        <null name="Action"/>
        <null name="TimeStamp"/>
      </record>
      <record javaclass="com.wm.app.tn.profile.ProfileFieldMetaData">
        <number name="GroupID" type="java.lang.Short">7</number>
        <number name="MaxLength" type="java.lang.Integer">-1</number>
        <idatacodable name="Extended?" javaclass="com.wm.data.MBoolean">          <value name="MBoolean">true</value>
        </idatacodable>
        <idatacodable name="Required?" javaclass="com.wm.data.MBoolean">          <value name="MBoolean">true</value>
        </idatacodable>
        <idatacodable name="Registration?" javaclass="com.wm.data.MBoolean">          <value name="MBoolean">false</value>
        </idatacodable>
        <idatacodable name="Deleted?" javaclass="com.wm.data.MBoolean">          <value name="MBoolean">false</value>
        </idatacodable>
        <value name="ValidValues"></value>
        <value name="DefaultValue">application/EDI-X12</value>
        <value name="Datatype">String</value>
        <value name="Name">ContentType</value>
        <null name="Table"/>
        <null name="Column"/>
        <null name="Description"/>
        <value name="ProfileFieldID">58r00600aqae032e000004ss</value>
        <idatacodable name="Displayable?" javaclass="com.wm.data.MBoolean">          <value name="MBoolean">true</value>
        </idatacodable>
        <value name="GroupName">EDIINT</value>
        <null name="Action"/>
        <null name="TimeStamp"/>
      </record>
    </list>
    <record name="idTypes" javaclass="com.wm.data.ISMemDataImpl">
      <number name="EDIINT AS2" type="java.lang.Integer">101</number>
      <number name="GoogleInternalID" type="java.lang.Integer">150</number>
      <number name="DUNS" type="java.lang.Integer">1</number>
    </record>
    <record name="depends" javaclass="com.wm.data.ISMemDataImpl">
      <record name="partner" javaclass="com.wm.data.ISMemDataImpl">
        <array name="58r00600albas8pf0000000p" type="record" depth="1">
          <record javaclass="com.wm.data.ISMemDataImpl">
            <value name="assetType">fieldgroup</value>
            <array name="assetIDs" type="record" depth="1">
              <record javaclass="com.wm.data.ISMemDataImpl">
                <value name="id">7</value>
                <value name="name">RURJSU5U</value>
              </record>
            </array>
          </record>
          <record javaclass="com.wm.data.ISMemDataImpl">
            <value name="assetType">externalidtype</value>
            <array name="assetIDs" type="record" depth="1">
              <record javaclass="com.wm.data.ISMemDataImpl">
                <value name="id">1</value>
                <value name="name">RFVOUw==</value>
              </record>
              <record javaclass="com.wm.data.ISMemDataImpl">
                <value name="id">101</value>
                <value name="name">RURJSU5UIEFTMg==</value>
              </record>
              <record javaclass="com.wm.data.ISMemDataImpl">
                <value name="id">150</value>
                <value name="name">R29vZ2xlSW50ZXJuYWxJRA==</value>
              </record>
            </array>
          </record>
          <record javaclass="com.wm.data.ISMemDataImpl">
            <value name="assetType">fielddefinition</value>
            <array name="assetIDs" type="record" depth="1">
              <record javaclass="com.wm.data.ISMemDataImpl">
                <value name="id">58r00500d5lr5ia60000006k</value>
                <value name="name">QVMyTUROVVJM</value>
              </record>
              <record javaclass="com.wm.data.ISMemDataImpl">
                <value name="id">58r00500d5lr5ibc0000006n</value>
                <value name="name">Q29tcHJlc3Npb24=</value>
              </record>
              <record javaclass="com.wm.data.ISMemDataImpl">
                <value name="id">58r00500d5lr5iai0000006l</value>
                <value name="name">RW5jcnlwdGlvbiBBbGdvcml0aG0=</value>
              </record>
              <record javaclass="com.wm.data.ISMemDataImpl">
                <value name="id">58r00500d5lr5ic50000006p</value>
                <value name="name">UmVxdWVzdCBNRE4=</value>
              </record>
              <record javaclass="com.wm.data.ISMemDataImpl">
                <value name="id">58r00500d5lr5iav0000006m</value>
                <value name="name">U01JTUUgVHlwZQ==</value>
              </record>
              <record javaclass="com.wm.data.ISMemDataImpl">
                <value name="id">58r00500d5moc3aa0000000j</value>
                <value name="name">RGlnZXN0IEFsZ29yaXRobQ==</value>
              </record>
              <record javaclass="com.wm.data.ISMemDataImpl">
                <value name="id">58r00500d5lr5ibp0000006o</value>
                <value name="name">RGVsaXZlcnkgTWV0aG9k</value>
              </record>
              <record javaclass="com.wm.data.ISMemDataImpl">
                <value name="id">58r00500d5lr5ici0000006q</value>
                <value name="name">UmVxdWVzdCBTaWduZWQgUmVjZWlwdA==</value>
              </record>
              <record javaclass="com.wm.data.ISMemDataImpl">
                <value name="id">58r00600aqae032e000004ss</value>
                <value name="name">Q29udGVudFR5cGU=</value>
              </record>
            </array>
          </record>
          <record javaclass="com.wm.data.ISMemDataImpl">
            <value name="assetType">esbservices</value>
            <array name="assetIDs" type="record" depth="1">
              <record javaclass="com.wm.data.ISMemDataImpl">
                <null name="id"/>
                <value name="name">cHJpbWFyeUh0dHA=</value>
              </record>
            </array>
          </record>
        </array>
      </record>
      <record name="fielddefinition" javaclass="com.wm.data.ISMemDataImpl">
        <array name="58r00500d5lr5ia60000006k" type="record" depth="1">
          <record javaclass="com.wm.data.ISMemDataImpl">
            <value name="assetType">fieldgroup</value>
            <array name="assetIDs" type="record" depth="1">
              <record javaclass="com.wm.data.ISMemDataImpl">
                <value name="id">7</value>
                <value name="name">RURJSU5U</value>
              </record>
            </array>
          </record>
        </array>
        <array name="58r00500d5lr5ibc0000006n" type="record" depth="1">
          <record javaclass="com.wm.data.ISMemDataImpl">
            <value name="assetType">fieldgroup</value>
            <array name="assetIDs" type="record" depth="1">
              <record javaclass="com.wm.data.ISMemDataImpl">
                <value name="id">7</value>
                <value name="name">RURJSU5U</value>
              </record>
            </array>
          </record>
        </array>
        <array name="58r00500d5lr5iai0000006l" type="record" depth="1">
          <record javaclass="com.wm.data.ISMemDataImpl">
            <value name="assetType">fieldgroup</value>
            <array name="assetIDs" type="record" depth="1">
              <record javaclass="com.wm.data.ISMemDataImpl">
                <value name="id">7</value>
                <value name="name">RURJSU5U</value>
              </record>
            </array>
          </record>
        </array>
        <array name="58r00500d5lr5ic50000006p" type="record" depth="1">
          <record javaclass="com.wm.data.ISMemDataImpl">
            <value name="assetType">fieldgroup</value>
            <array name="assetIDs" type="record" depth="1">
              <record javaclass="com.wm.data.ISMemDataImpl">
                <value name="id">7</value>
                <value name="name">RURJSU5U</value>
              </record>
            </array>
          </record>
        </array>
        <array name="58r00500d5lr5iav0000006m" type="record" depth="1">
          <record javaclass="com.wm.data.ISMemDataImpl">
            <value name="assetType">fieldgroup</value>
            <array name="assetIDs" type="record" depth="1">
              <record javaclass="com.wm.data.ISMemDataImpl">
                <value name="id">7</value>
                <value name="name">RURJSU5U</value>
              </record>
            </array>
          </record>
        </array>
        <array name="58r00500d5moc3aa0000000j" type="record" depth="1">
          <record javaclass="com.wm.data.ISMemDataImpl">
            <value name="assetType">fieldgroup</value>
            <array name="assetIDs" type="record" depth="1">
              <record javaclass="com.wm.data.ISMemDataImpl">
                <value name="id">7</value>
                <value name="name">RURJSU5U</value>
              </record>
            </array>
          </record>
        </array>
        <array name="58r00500d5lr5ibp0000006o" type="record" depth="1">
          <record javaclass="com.wm.data.ISMemDataImpl">
            <value name="assetType">fieldgroup</value>
            <array name="assetIDs" type="record" depth="1">
              <record javaclass="com.wm.data.ISMemDataImpl">
                <value name="id">7</value>
                <value name="name">RURJSU5U</value>
              </record>
            </array>
          </record>
        </array>
        <array name="58r00500d5lr5ici0000006q" type="record" depth="1">
          <record javaclass="com.wm.data.ISMemDataImpl">
            <value name="assetType">fieldgroup</value>
            <array name="assetIDs" type="record" depth="1">
              <record javaclass="com.wm.data.ISMemDataImpl">
                <value name="id">7</value>
                <value name="name">RURJSU5U</value>
              </record>
            </array>
          </record>
        </array>
        <array name="58r00600aqae032e000004ss" type="record" depth="1">
          <record javaclass="com.wm.data.ISMemDataImpl">
            <value name="assetType">fieldgroup</value>
            <array name="assetIDs" type="record" depth="1">
              <record javaclass="com.wm.data.ISMemDataImpl">
                <value name="id">7</value>
                <value name="name">RURJSU5U</value>
              </record>
            </array>
          </record>
        </array>
      </record>
    </record>
  </record>
</IDataXMLCoder>
