<?xml version="1.0" encoding="UTF-8"?>

<IDataXMLCoder version="1.0">
  <record javaclass="com.wm.data.ISMemDataImpl">
    <record name="version" javaclass="com.wm.data.ISMemDataImpl">
      <value name="major">9</value>
      <value name="minor">0</value>
    </record>
    <record name="attribs" javaclass="com.wm.data.ISMemDataImpl">
      <record name="0ah3en01cggidris00000699" javaclass="com.wm.app.tn.doc.BizDocAttribute">
        <value name="AttributeID">0ah3en01cggidris00000699</value>
        <value name="AttributeName">eMailToList</value>
        <null name="AttributeDescription"/>
        <value name="AttributeType">STRING LIST</value>
        <idatacodable name="Deleted?" javaclass="com.wm.data.MBoolean">          <value name="MBoolean">false</value>
        </idatacodable>
        <idatacodable name="Persist?" javaclass="com.wm.data.MBoolean">          <value name="MBoolean">true</value>
        </idatacodable>
        <value name="LastModifiedTime">2018-06-25 13:22:28.631</value>
        <value name="VERSION_NO">10.1.0.0</value>
        <idatacodable name="System?" javaclass="com.wm.data.MBoolean">          <value name="MBoolean">false</value>
        </idatacodable>
      </record>
    </record>
  </record>
</IDataXMLCoder>
